event_id,alias
55SxqiCv,OPM-2
55SxqiCv,OPM-3
VikxYwt5,OPM-5
V4b5Amth,PMS
NZhdNuo5,OPM-4
hkA2xC7R,OPM-6
L8ZZAbzv,GrantSolutions
9DxqBRGe,PAM-DB
WJQ3WkjG,HCAS
gBSE6bzh,FBI-1
PWDAbB3M,ICE
Xe5Tvz6a,PAM-DB
LQGUWr49,HIGLAS
c9MaUj3t,PAM-DB
MJvtgrEA,ED-2
XMXEZCoE,PAM-DB
8N5uZSdc,PAM-FS
FTNCaSHd,ED-1
HF6U3Sft,ED-3
PSZVY2Qg,CALM
nVTB9nmR,HCAS
Ff4Vcv6A,FMS
P3qrjvd2,ED-4
XjqwLht5,FBIS
RyFMa5W4,Office-Energy
C4W3xZoD,FEMA-GO
jwU7GhGd,Google-NOAA
o5NZ8qnL,FMS
M5yBy4aH,PAM-FS
M5yBy4aH,PAM-DB
M5yBy4aH,SPS
M5yBy4aH,ASAP
FS7MatNa,PRISM-CFPB
FS7MatNa,webTA
FS7MatNa,DataInsight
FS7MatNa,USAStaffing
FS7MatNa,IPP
FS7MatNa,OBI
FS7MatNa,oneArc
FS7MatNa,G-Invoicing
FS7MatNa,Concur
L8pyGHLJ,CFPB-PAC
2xWQdJFE,HRConnect
JxpwH6Ee,Entra-CFPB
LRKRjiXo,CFPB-1
LRKRjiXo,Wagtail-CFPB
2fUJZPvu,CFPB-1
256K5fhi,Entra-CFPB
X2qNFc39,NUMIDENT
HauBMsdH,SSA-1
5M3bwHoc,EAS
bq9D57fe,OPM-3
bq9D57fe,ED-1
dchWbmU5,ED-1
JbqPxwcC,OPM-3
Wfox3Em6,ED-3
fJn7Fijf,SSA-1
cbk7HwMn,SSA-EDW
cbk7HwMn,MBR
cbk7HwMn,SSR
MBEkaKjN,OPM-5
9xq4D2VZ,IDR
YHZU6UQD,SSA-3
MipJ2cYB,SSA-5
ZffPUbPY,SSA-2
fhML8Diw,SSA-3
UXPTq7wP,SSA-2
QCqyEhNT,SSA-8
QCqyEhNT,SSA-10
nELdReWG,SSA-10
PqGxHtKF,GrantSolutions
LC27NqrF,HRConnect
VkG2b7oG,OJC-EIS
4gTQTBvY,NCFMS
WYXydWDK,Office-CISA
6mt2dSgr,HEMS
TYQgsQgD,GrantSolutions
NyUksNNq,SSA-9
T4uJvZZy,SSA-4
QJ48Lf4Y,SSA-6
R82VyaYp,APEX
ABsGtQoM,CALM
QvtDTWT9,NSLDS
QvtDTWT9,COD
QvtDTWT9,FAS
QvtDTWT9,FMS
Faujcx7W,PRISM-NIH
hYvmuxQw,USAccess
hYvmuxQw,DOL-DRA
63rsfZb5,EPACS
W9NMyQSv,USAccess
VtAJtb9Z,EPACS
aVyn7bGH,DOL-DRA
Snu2bsRr,LOCCS
Snu2bsRr,HUDCAPS
XQJxL765,WASS
8PGpzt4q,IDIS
8PGpzt4q,FASS-PH
JUcXdAh2,SSA-4
JUcXdAh2,SSA-6
JUcXdAh2,SSA-9
J9VPs6HT,EHCM
MTDjpWh2,NBS
MTDjpWh2,PRISM-NIH
5KzocaBU,SSA-5
Y8NxCZjD,Grants.gov
WigQD25k,HCAS
7YG4RVE2,GrantSolutions
XNdG2o3m,CALM
JbCrnGy9,Entra-CFPB
JbCrnGy9,PRISM-CFPB
JbCrnGy9,webTA
JbCrnGy9,DataInsight
JbCrnGy9,USAStaffing
JbCrnGy9,IPP
JbCrnGy9,OBI
JbCrnGy9,oneArc
JbCrnGy9,G-Invoicing
JbCrnGy9,Concur
BYPpwF7K,CALM
9wrHMneJ,HIGLAS
Vtknorop,IDR
TGzMrruS,Entra-CFPB
TGzMrruS,webTA
TGzMrruS,DataInsight
TGzMrruS,USAStaffing
TGzMrruS,IPP
TGzMrruS,OBI
TGzMrruS,oneArc
TGzMrruS,G-Invoicing
TGzMrruS,Concur
PfQCnkBu,NDNH
Yohq6GxY,SSA-7
W8mMryg3,SSA-7
nSvvNuKp,SSA-7
RrJTPpBy,NDNH
GLjJidTw,FBIS
EbBV4gBk,EHCM
V4EZ2WLY,IDR
MVHt9Q7W,IDR
7mtGbnRJ,SSA-1
7mtGbnRJ,SSA-2
7mtGbnRJ,SSA-3
7mtGbnRJ,SSA-4
7mtGbnRJ,SSA-5
7mtGbnRJ,SSA-6
7mtGbnRJ,SSA-7
7mtGbnRJ,SSA-8
7mtGbnRJ,SSA-9
7mtGbnRJ,SSA-10
2FxxmH4p,SSA-5
2FxxmH4p,IRON
EESeoHoc,SSA-9
EESeoHoc,PSSNAP
SYJpQj5D,SSA-5
VnFdGpPt,DBIS
VnFdGpPt,ELIS
VnFdGpPt,CIS
QGJK7cSa,SSA-7
QGJK7cSa,SAVE
msDZFCYH,SSA-11
gNWEa49R,FBIS
6afzXRYU,DBIS
6afzXRYU,ELIS
6afzXRYU,CIS
P5C4nMDk,SSA-6
P5C4nMDk,SSA-7
P5C4nMDk,SSA-9
P5C4nMDk,NUMIDENT
P5C4nMDk,MBR
P5C4nMDk,SSR
RANpejQL,UFMS
Pej3DDWx,SSA-9
fbnjeUon,UIDRR
ZLkwYJoJ,Entra-CFPB
ZLkwYJoJ,PRISM-CFPB
ZLkwYJoJ,webTA
ZLkwYJoJ,DataInsight
ZLkwYJoJ,USAStaffing
ZLkwYJoJ,IPP
ZLkwYJoJ,OBI
ZLkwYJoJ,oneArc
ZLkwYJoJ,G-Invoicing
ZLkwYJoJ,Concur
W4WdJwtf,DOL-UI
ngDpnzXz,Grants.gov
7ZYSRd3c,UAC
6c4NxSDB,SSA-2
VQ89NiUv,DBIS
VQ89NiUv,ELIS
VQ89NiUv,CIS
aympP8hu,SSA-1
aympP8hu,SSA-5
aympP8hu,SSA-8
aympP8hu,SSA-9
Z9rJzYpy,PMS
72yFCY5H,PRISM-CFPB
UKDnkvKc,Grants.gov
covQW3VT,HIGLAS
covQW3VT,IDR
covQW3VT,CALM
dPoXgPYT,FPPS
JDFqUnQt,NDNH
eQa8HrRp,SSA-11
UainUGPT,SSA-11
JgxjuRQy,HCAS
akjVaMqu,NDNH
DvLhKb73,HCAS
DvLhKb73,FBIS
6bdjQMN2,CALM
bdTuzkwu,NBS
FP4MT8Ut,NFJP
Yqx4av6s,FLAG
5ZoiqF9F,REO
