event_id,system_id
V4b5Amth,PMS
L8ZZAbzv,GrantSolutions
9DxqBRGe,PAM-DB
WJQ3WkjG,HCAS
PWDAbB3M,ICE
Xe5Tvz6a,PAM-DB
LQGUWr49,HIGLAS
c9MaUj3t,PAM-DB
XMXEZCoE,PAM-DB
8N5uZSdc,PAM-FS
PSZVY2Qg,CALM
nVTB9nmR,HCAS
Ff4Vcv6A,FMS
XjqwLht5,FBIS
RyFMa5W4,Office-Energy
C4W3xZoD,FEMA-GO
jwU7GhGd,Google-NOAA
o5NZ8qnL,FMS
M5yBy4aH,PAM-FS
M5yBy4aH,PAM-DB
M5yBy4aH,SPS
M5yBy4aH,ASAP
FS7MatNa,PRISM-CFPB
FS7MatNa,webTA
FS7MatNa,DataInsight
FS7MatNa,USAStaffing
FS7MatNa,IPP
FS7MatNa,OBI
FS7MatNa,oneArc
FS7MatNa,G-Invoicing
FS7MatNa,Concur
L8pyGHLJ,CFPB-PAC
2xWQdJFE,HRConnect
JxpwH6Ee,Entra-CFPB
LRKRjiXo,Wagtail-CFPB
256K5fhi,Entra-CFPB
X2qNFc39,NUMIDENT
5M3bwHoc,EAS
cbk7HwMn,SSA-EDW
cbk7HwMn,MBR
cbk7HwMn,SSR
9xq4D2VZ,IDR
PqGxHtKF,GrantSolutions
LC27NqrF,HRConnect
VkG2b7oG,OJC-EIS
4gTQTBvY,NCFMS
WYXydWDK,Office-CISA
6mt2dSgr,HEMS
TYQgsQgD,GrantSolutions
R82VyaYp,APEX
ABsGtQoM,CALM
QvtDTWT9,NSLDS
QvtDTWT9,COD
QvtDTWT9,FAS
QvtDTWT9,FMS
Faujcx7W,PRISM-NIH
hYvmuxQw,USAccess
hYvmuxQw,DOL-DRA
63rsfZb5,EPACS
W9NMyQSv,USAccess
VtAJtb9Z,EPACS
aVyn7bGH,DOL-DRA
Snu2bsRr,LOCCS
Snu2bsRr,HUDCAPS
XQJxL765,WASS
8PGpzt4q,IDIS
8PGpzt4q,FASS-PH
J9VPs6HT,EHCM
MTDjpWh2,NBS
MTDjpWh2,PRISM-NIH
Y8NxCZjD,Grants.gov
WigQD25k,HCAS
7YG4RVE2,GrantSolutions
XNdG2o3m,CALM
JbCrnGy9,Entra-CFPB
JbCrnGy9,PRISM-CFPB
JbCrnGy9,webTA
JbCrnGy9,DataInsight
JbCrnGy9,USAStaffing
JbCrnGy9,IPP
JbCrnGy9,OBI
JbCrnGy9,oneArc
JbCrnGy9,G-Invoicing
JbCrnGy9,Concur
BYPpwF7K,CALM
9wrHMneJ,HIGLAS
Vtknorop,IDR
TGzMrruS,Entra-CFPB
TGzMrruS,webTA
TGzMrruS,DataInsight
TGzMrruS,USAStaffing
TGzMrruS,IPP
TGzMrruS,OBI
TGzMrruS,oneArc
TGzMrruS,G-Invoicing
TGzMrruS,Concur
PfQCnkBu,NDNH
RrJTPpBy,NDNH
GLjJidTw,FBIS
EbBV4gBk,EHCM
V4EZ2WLY,IDR
MVHt9Q7W,IDR
2FxxmH4p,IRON
EESeoHoc,PSSNAP
VnFdGpPt,DBIS
VnFdGpPt,ELIS
VnFdGpPt,CIS
QGJK7cSa,SAVE
gNWEa49R,FBIS
6afzXRYU,DBIS
6afzXRYU,ELIS
6afzXRYU,CIS
P5C4nMDk,NUMIDENT
P5C4nMDk,MBR
P5C4nMDk,SSR
RANpejQL,UFMS
fbnjeUon,UIDRR
ZLkwYJoJ,Entra-CFPB
ZLkwYJoJ,PRISM-CFPB
ZLkwYJoJ,webTA
ZLkwYJoJ,DataInsight
ZLkwYJoJ,USAStaffing
ZLkwYJoJ,IPP
ZLkwYJoJ,OBI
ZLkwYJoJ,oneArc
ZLkwYJoJ,G-Invoicing
ZLkwYJoJ,Concur
W4WdJwtf,DOL-UI
ngDpnzXz,Grants.gov
7ZYSRd3c,UAC
VQ89NiUv,DBIS
VQ89NiUv,ELIS
VQ89NiUv,CIS
Z9rJzYpy,PMS
72yFCY5H,PRISM-CFPB
UKDnkvKc,Grants.gov
covQW3VT,HIGLAS
covQW3VT,IDR
covQW3VT,CALM
dPoXgPYT,FPPS
JDFqUnQt,NDNH
bUXEK8RF,PowerAutomate-CFPB
W9pTjZUH,PowerAutomate-CFPB
W9pTjZUH,Sharepoint-CFPB
JgxjuRQy,HCAS
akjVaMqu,NDNH
DvLhKb73,HCAS
DvLhKb73,FBIS
6bdjQMN2,CALM
bdTuzkwu,NBS
FP4MT8Ut,NFJP
Yqx4av6s,FLAG
5ZoiqF9F,REO
