event_id,name
2SjuZBR5,Anthony Jancso
YmbfLdNB,Anthony Jancso
24qgS3WS,Luke Farritor
8vDj2q7P,Elon Musk
8vDj2q7P,Marc Andreessen
8vDj2q7P,Jared Birchall
8vDj2q7P,Shaun Maguire
8vDj2q7P,Scott Kupor
8vDj2q7P,Michael Kratsios
8vDj2q7P,Steve Davis
8vDj2q7P,Baris Akis
XhDHPGg6,Amy Gleason
KvP48A34,Riley Sennott
UsAfrk26,Tom Krause
V7Gkkvah,Marc Andreessen
V7Gkkvah,Shaun Maguire
V7Gkkvah,Baris Akis
V7Gkkvah,Vinay Hiremath
V7Gkkvah,Brad Smith
V7Gkkvah,Steve Davis
V7Gkkvah,Matt Luby
V7Gkkvah,Joanna Wischer
V7Gkkvah,Rachel Riley
V7Gkkvah,James Burnham
KLhbExN5,Noah Peters
KLhbExN5,Keenan Kmiec
TfWVwUjM,Marc Andreessen
TfWVwUjM,Shaun Maguire
VkGMhZUR,Noah Peters
JLTME6KA,Noah Peters
CPQe7omt,Riley Sennott
CPQe7omt,Derek Geissler
CPQe7omt,Brooks Morgan
CPQe7omt,Conor Fennessy
JQXwpLN5,Noah Peters
JQXwpLN5,Amanda Scales
JQXwpLN5,Brian Bjelde
S9khcdPr,Stephen Ehikian
cTQwe9Ff,Greg Hogan
GSsFm4n8,Charles Ezell
GSsFm4n8,Greg Hogan
NtHBVcLm,Luke Farritor
Ep2NXNw8,Nicole Hollander
Ep2NXNw8,Edward Coristine
Ep2NXNw8,Ethan Shaotran
fDQShY2S,Noah Peters
fDQShY2S,Amanda Scales
Mzi4TVp2,Riccardo Biasini
3LtTXZSk,Frank Schuler
2y8WthBd,Cole Killian
2y8WthBd,Nikhil Rajpal
QFfnJBkt,Marko Elez
34Y4Syqw,Luke Farritor
V4b5Amth,Luke Farritor
eixCwvKp,Adam Ramada
Ps9ZmEgf,Tom Krause
VdEHz47g,Katie Miller
VdEHz47g,Brad Smith
VdEHz47g,Steve Davis
VdEHz47g,Marc Andreessen
VdEHz47g,Shaun Maguire
VdEHz47g,Rachel Riley
VdEHz47g,Joanna Wischer
VdEHz47g,Baris Akis
VdEHz47g,James Burnham
4VxuraBr,Thomas Shedd
L8ZZAbzv,Luke Farritor
UBodNip9,Amanda Scales
WR9Xb7Ar,Gavin Kliger
WR9Xb7Ar,Luke Farritor
3q7o5ogf,Rachel Riley
2KKvrcF3,Adam Ramada
eSiT2dsb,Tyler Hassen
eSiT2dsb,Bryton Shang
hRNeze4y,Marko Elez
LDqYfpri,Jeremy Lewin
3GL4CR65,Amanda Scales
3GL4CR65,Riccardo Biasini
3GL4CR65,Edward Coristine
3GL4CR65,Akash Bobba
3GL4CR65,Noah Peters
3GL4CR65,Joanna Wischer
9cwtKhid,Michael Grimes
9DxqBRGe,Marko Elez
54gGXtvR,Nicole Hollander
WJQ3WkjG,Luke Farritor
PWDAbB3M,Luke Farritor
Xe5Tvz6a,Marko Elez
kSAAPBQJ,Elon Musk
kSAAPBQJ,Steve Davis
kSAAPBQJ,Nicole Hollander
kSAAPBQJ,Thomas Shedd
kSAAPBQJ,Stephen Ehikian
kSAAPBQJ,Luke Farritor
2Soci5N2,Luke Farritor
2Soci5N2,Gavin Kliger
LQGUWr49,Luke Farritor
c9MaUj3t,Marko Elez
bfo6pJUH,Nicole Hollander
bfo6pJUH,Steve Davis
bfo6pJUH,Thomas Shedd
bfo6pJUH,Edward Coristine
bfo6pJUH,Ethan Shaotran
GmvBm6qi,Charles Ezell
GmvBm6qi,Amanda Scales
GmvBm6qi,Riccardo Biasini
6Jp6XvvC,Mike Russo
XMXEZCoE,Marko Elez
Xdv65nku,Marko Elez
ZRjioRJa,Akash Bobba
ZRjioRJa,Edward Coristine
ZRjioRJa,Gavin Kliger
YHD5A3rG,Akash Bobba
YHD5A3rG,Edward Coristine
YHD5A3rG,Luke Farritor
YHD5A3rG,Ethan Shaotran
g9NjC2E3,Cole Killian
8N5uZSdc,Marko Elez
UkKcG36X,Marko Elez
Qkjr7Ku3,Edward Coristine
jUkabBTs,Mike Russo
jUkabBTs,Akash Bobba
RphjFc2Q,Gavin Kliger
PSZVY2Qg,Rachel Riley
nVTB9nmR,Rachel Riley
NseepQVk,Elon Musk
cYi6UvfL,Tom Krause
EP9BFiD7,Cole Killian
Ff4Vcv6A,Adam Ramada
XjqwLht5,Rachel Riley
RyFMa5W4,Luke Farritor
PhxH2BgH,Marko Elez
aK7snb4K,Edward Coristine
C4W3xZoD,Edward Coristine
jwU7GhGd,Nikhil Rajpal
kyv4SMgu,Alexandra Beynon
o5NZ8qnL,Adam Ramada
nhBU8qVd,Steve Davis
aPFErxYN,Gavin Kliger
aPFErxYN,Nikhil Rajpal
aPFErxYN,Chris Young
c8QYwsqH,Luke Farritor
c8QYwsqH,Jeremy Lewin
AN8Y5hEY,Jordan Wick
R9JtW4eJ,Nikhil Rajpal
R9JtW4eJ,Gavin Kliger
R9JtW4eJ,Chris Young
Ddt9UeCF,Marko Elez
eMU3qFzW,Marko Elez
PN8mLzmi,Marko Elez
PZtsBGTa,Jacob Altik
FS7MatNa,Jordan Wick
FS7MatNa,Nikhil Rajpal
FS7MatNa,Luke Farritor
L8pyGHLJ,Gavin Kliger
2xWQdJFE,Jordan Wick
2xWQdJFE,Nikhil Rajpal
2xWQdJFE,Luke Farritor
JxpwH6Ee,Nikhil Rajpal
JxpwH6Ee,Luke Farritor
2ejZAf9m,Ryan Riedel
eZDXH8Nq,Akash Bobba
eZDXH8Nq,Ethan Shaotran
256K5fhi,Jordan Wick
6eXUJiZM,Gavin Kliger
6eXUJiZM,Luke Farritor
bJckd7pu,Edward Coristine
MVeUVFvr,Thomas Shedd
TjkvD7jk,Scott Langmack
Ru3gqWWt,Edward Coristine
Ru3gqWWt,Luke Farritor
MDr4Wvod,Mike Russo
MDr4Wvod,Steve Davis
MDr4Wvod,Akash Bobba
hDrQoTQT,Leland Dudek
hDrQoTQT,Mike Russo
X2qNFc39,Akash Bobba
fFM8X63i,Mark Steffensen
BGZKY6go,Kyle Schutt
W5daKbwq,Greg Hogan
imugC2ds,Marko Elez
HnJrpqPY,Jordan Wick
HnJrpqPY,Chris Young
9CEKeLm7,Charles Ezell
9CEKeLm7,Amanda Scales
9CEKeLm7,Anthony Armstrong
9CEKeLm7,Riccardo Biasini
9CEKeLm7,Brian Bjelde
9CEKeLm7,Noah Peters
9CEKeLm7,Greg Hogan
9CEKeLm7,Stephanie Holmes
9CEKeLm7,Christina Hanna
9CEKeLm7,Stephen Duarte
9CEKeLm7,Bryanne-Michelle Mlodzianowski
9CEKeLm7,Joanna Wischer
9CEKeLm7,Justin Monroe
9CEKeLm7,Jacob Altik
9CEKeLm7,Austin Raynor
9CEKeLm7,Edward Coristine
9CEKeLm7,Akash Bobba
9CEKeLm7,Gavin Kliger
9CEKeLm7,Nikhil Rajpal
5M3bwHoc,Erica Jehling
5M3bwHoc,Cole Killian
5M3bwHoc,Kathryn Armstrong Loving
oVNSJTUy,Riley Sennott
DbgzC9iA,Jordan Wick
9GdCongC,Brooks Morgan
9GdCongC,Alexandra Beynon
9GdCongC,Adam Ramada
Laig7UCK,Sam Beyda
Laig7UCK,Derek Geissler
Laig7UCK,Cole Killian
Laig7UCK,Adam Ramada
Laig7UCK,Jordan Wick
4XGPBiQH,Kendall Lindemann
ndhatWKq,Clark Minor
2RMnQzW6,Leland Dudek
2yiCepF3,Justin Fulcher
cbk7HwMn,Akash Bobba
7nTYjRY5,Akash Bobba
k7LDiupM,Ted Malaska
k7LDiupM,Thomas Kiernan
k7LDiupM,Sam Smeal
k7LDiupM,Brady Glantz
bNXkArR5,Leland Dudek
9xq4D2VZ,Luke Farritor
c8PWENvT,Christopher Stanley
c2uFcNGD,Ted Malaska
Lcina8tE,Thomas Shedd
ZffPUbPY,Scott Coulter
NPiTTC4b,Frank Schuler
j9cDuFZd,Frank Schuler
j9cDuFZd,Nate Cavanaugh
D3EuMjKK,Amy Gleason
WQKuTEAj,Edward Coristine
WQKuTEAj,Kyle Schutt
BBGTRSgD,Thomas Shedd
GVnA5vun,Leland Dudek
GVnA5vun,Mike Russo
3bxrpv2v,Gavin Kliger
PqGxHtKF,Aram Moghaddassi
LC27NqrF,Aram Moghaddassi
LC27NqrF,Miles Collins
VkG2b7oG,Miles Collins
4gTQTBvY,Aram Moghaddassi
4gTQTBvY,Miles Collins
WYXydWDK,Edward Coristine
8RFcA4gh,Marko Elez
8RFcA4gh,Ryan Wunderly
6mt2dSgr,Michael Mirski
2mX9HegN,Leland Dudek
2mX9HegN,Ethan Shaotran
2mX9HegN,Nikhil Rajpal
2mX9HegN,Cole Killian
2mX9HegN,Marko Elez
Q7jFqwLD,Chris Young
TC9oYLhy,Jordan Wick
XTJndd8F,Edward Coristine
6czGQ6Eu,Amy Gleason
MD9eHvgr,Gavin Kliger
TYQgsQgD,Rachel Riley
HKvbqYaN,Conor Fennessy
GUnUm5j6,Jeremy Lewin
7v7sVWG5,Ethan Shaotran
7v7sVWG5,Jacob Altik
7v7sVWG5,Nate Cavanaugh
ShwzJQ8D,Ethan Shaotran
dtakM5hM,Ethan Shaotran
dtakM5hM,Jacob Altik
dtakM5hM,Nate Cavanaugh
QFXkX5nW,Jacob Altik
QFXkX5nW,Nate Cavanaugh
7aypySNW,Jacob Altik
R82VyaYp,Luke Farritor
ABsGtQoM,Amy Gleason
QvtDTWT9,Adam Ramada
ERjXg3AM,Stephanie Holmes
khMRYKRf,Luke Farritor
khMRYKRf,Rachel Riley
khMRYKRf,Jeremy Lewin
khMRYKRf,Clark Minor
4Ffvq4fv,Luke Farritor
4Ffvq4fv,Rachel Riley
4Ffvq4fv,Clark Minor
JZFwZjbm,James Burnham
JZFwZjbm,Jacob Altik
JZFwZjbm,Nate Cavanaugh
R722EMkS,James Burnham
R722EMkS,Jacob Altik
R722EMkS,Nate Cavanaugh
j8cpRtDP,Stephanie Holmes
j8cpRtDP,Katrine Trampe
j8cpRtDP,Tyler Hassen
Faujcx7W,Rachel Riley
hYvmuxQw,Marko Elez
63rsfZb5,Marko Elez
C3QCySiU,Riccardo Biasini
8KpqUVk8,Mark Steffensen
W9NMyQSv,Aram Moghaddassi
VtAJtb9Z,Aram Moghaddassi
aVyn7bGH,Miles Collins
jUGZwRWr,Amy Gleason
Snu2bsRr,Michael Mirski
Snu2bsRr,Scott Langmack
XQJxL765,Michael Mirski
8PGpzt4q,Michael Mirski
F3UCNb8e,Michael Mirski
F3UCNb8e,Scott Langmack
GVcUGHUt,Mark Steffensen
TNkATrog,Stephanie Holmes
J9VPs6HT,Luke Farritor
cSYxVSE2,Peter Marocco
Np7Nfyaw,Gavin Kliger
Np7Nfyaw,Sam Corcos
MTDjpWh2,Luke Farritor
MTDjpWh2,Conor Fennessy
5KzocaBU,Leland Dudek
9sMrjyRG,Mark Steffensen
Tfm8WCy5,Jordan Wick
Y8NxCZjD,Conor Fennessy
WigQD25k,Conor Fennessy
7YG4RVE2,Conor Fennessy
7YG4RVE2,Jeremy Lewin
oCmLwiJu,Thomas Shedd
8dXQzrw6,Leland Dudek
o7wBfLA8,Joshua Hanley
XNdG2o3m,Conor Fennessy
XNdG2o3m,Jeremy Lewin
JbCrnGy9,Luke Farritor
ZpVFJ6oS,Luke Farritor
4MvgPxU8,Justin Fulcher
MaJRwgfZ,Kyle Schutt
MaJRwgfZ,Nate Cavanaugh
MaJRwgfZ,Edward Coristine
MaJRwgfZ,Ethan Shaotran
MaJRwgfZ,Luke Farritor
MaJRwgfZ,Derek Geissler
MaJRwgfZ,Nicole Hollander
NgqnhrCu,Amy Gleason
RDEFY3MP,Brad Smith
n33reAGA,Leland Dudek
HBHAt2jo,Nate Cavanaugh
HBHAt2jo,Peter Marocco
ddaosm4g,Edward Coristine
N8ksWVib,Marko Elez
m4rWny3U,Aram Moghaddassi
BYPpwF7K,Edward Coristine
BYPpwF7K,Aram Moghaddassi
BYPpwF7K,Marko Elez
9wrHMneJ,Edward Coristine
9wrHMneJ,Marko Elez
9wrHMneJ,Aram Moghaddassi
Vtknorop,Marko Elez
Vtknorop,Aram Moghaddassi
TGzMrruS,Jordan Wick
WGo2Srmq,Jordan Wick
C9H7QGC5,Steve Davis
C9H7QGC5,Marko Elez
C9H7QGC5,Luke Farritor
C9H7QGC5,Edward Coristine
C9H7QGC5,Justin Aimonetti
C9H7QGC5,Ashley Boizelle
C9H7QGC5,Joshua Fox
C9H7QGC5,Joshua Hanley
j66RVh4p,Marko Elez
j66RVh4p,Aram Moghaddassi
j66RVh4p,Miles Collins
PfQCnkBu,Marko Elez
5XqG48jY,Nate Cavanaugh
7QXxV37g,Jacob Altik
7QXxV37g,Ethan Shaotran
RrJTPpBy,Aram Moghaddassi
J7wz934t,Thomas Shedd
moEAf65R,Jacob Altik
moEAf65R,Ethan Shaotran
moEAf65R,Nate Cavanaugh
b9gFDNtG,Zach Terrell
HkAPXX6u,Ryan Riedel
D2Pwnujd,Tyler Hassen
EaaC2xkE,Alexander Simonpour
GLjJidTw,Conor Fennessy
EbBV4gBk,Zach Terrell
gpJzqYTy,Kenneth Jackson
V4EZ2WLY,Edward Coristine
YgXEXct5,Antoine McCord
MVHt9Q7W,Zach Terrell
QZojvztE,Elon Musk
R4VDQ52g,Ethan Shaotran
oTHjD2hg,Edward Coristine
oTHjD2hg,Marko Elez
oTHjD2hg,Luke Farritor
oTHjD2hg,Aram Moghaddassi
oTHjD2hg,Rachel Riley
fPNqSkT8,Akash Bobba
fPNqSkT8,Scott Coulter
fPNqSkT8,Marko Elez
fPNqSkT8,Luke Farritor
fPNqSkT8,Antonio Gracias
fPNqSkT8,Cole Killian
fPNqSkT8,Jon Koval
fPNqSkT8,Nikhil Rajpal
fPNqSkT8,Payton Rehling
fPNqSkT8,Ethan Shaotran
e45osTyP,Thomas Shedd
BL5ThnQe,Kyle Schutt
6SrT6Fvx,Scott Coulter
FHj3Dgcw,Alexander Simonpour
FHj3Dgcw,Riley Sennott
FHj3Dgcw,Scott Coulter
HQEKVVXw,Kenneth Jackson
HQEKVVXw,Jacob Altik
HQEKVVXw,Nate Cavanaugh
VnFdGpPt,Kyle Schutt
VnFdGpPt,Edward Coristine
gNWEa49R,Zach Terrell
NiuzK4pq,Christopher Stanley
6itXQAa6,Kenneth Jackson
6itXQAa6,Jacob Altik
6itXQAa6,Nate Cavanaugh
7c2J3Byh,Kenneth Jackson
6afzXRYU,Aram Moghaddassi
74rxKfg7,Keith Sonderling
NvoAHGKv,Christopher Stanley
QmyxpRJR,Jacob Altik
Uq2ACTxD,Jeremy Lewin
Uq2ACTxD,Kenneth Jackson
RANpejQL,Zach Terrell
j8dSpHp3,Amy Gleason
bPH63xJM,Jeremy Lewin
QL984GQg,Marko Elez
DnzAaqdz,Peter Marocco
DnzAaqdz,Jeremy Lewin
DnzAaqdz,Kenneth Jackson
nTUfmAV8,Keith Sonderling
guXyfwPL,Keith Sonderling
4F9jgz4j,Leland Dudek
fSuPuFSV,Stephen Ehikian
fbnjeUon,Aram Moghaddassi
fbnjeUon,Marko Elez
ZLkwYJoJ,Nikhil Rajpal
Uh8mUmE6,Nikhil Rajpal
PBBSfYH8,Elon Musk
W4WdJwtf,Marko Elez
ngDpnzXz,Luke Farritor
7ZYSRd3c,Kyle Schutt
Z7E6ai2u,Tom Krause
Z7E6ai2u,Ryan Wunderly
FoSzFb5k,Charles Ezell
FoSzFb5k,Amanda Scales
FoSzFb5k,Greg Hogan
JwRuCtBS,Mike Russo
aQLqewVm,Michael Kratsios
4oTceE3V,Scott Coulter
4oTceE3V,Mike Russo
NSHGaNmC,Nate Cavanaugh
VQ89NiUv,Payton Rehling
VQ89NiUv,Antoine McCord
ja9gwcUS,Sahil Lavingia
ja9gwcUS,Cary Volpert
ja9gwcUS,Christopher Roussos
ja9gwcUS,Justin Fulcher
ja9gwcUS,Payton Rehling
ja9gwcUS,Jon Koval
avfnFBSY,James Burnham
avfnFBSY,Noah Peters
avfnFBSY,Jacob Altik
avfnFBSY,Justin Aimonetti
avfnFBSY,Daniel Abrahamson
avfnFBSY,Jeremy Lewin
avfnFBSY,Ashley Boizelle
avfnFBSY,Joshua Fox
avfnFBSY,Joshua Hanley
avfnFBSY,Keenan Kmiec
avfnFBSY,Austin Raynor
akUHUm4h,Leland Dudek
akUHUm4h,Mike Russo
bUjbhfkE,Elon Musk
bUjbhfkE,Joe Gebbia
bUjbhfkE,Tom Krause
bUjbhfkE,Steve Davis
bUjbhfkE,Anthony Armstrong
bUjbhfkE,Aram Moghaddassi
bUjbhfkE,Brad Smith
aympP8hu,Leland Dudek
3iSCE7j5,Stephanie Holmes
Z9rJzYpy,Zach Terrell
dqDnwCxi,Michael Grimes
AGxssd5s,Tyler Hassen
jMMy9Nk9,Steve Davis
8mDKCq9a,Jeremy Lewin
89o3v6YJ,Kyle Schutt
89o3v6YJ,Edward Coristine
89o3v6YJ,Aram Moghaddassi
89o3v6YJ,Payton Rehling
A7EUkX2p,Aram Moghaddassi
UKDnkvKc,Luke Farritor
iDxrzxfp,Edward Coristine
iDxrzxfp,Marko Elez
iDxrzxfp,Luke Farritor
iDxrzxfp,Amy Gleason
covQW3VT,Edward Coristine
dPoXgPYT,Stephanie Holmes
dPoXgPYT,Katrine Trampe
JDFqUnQt,Marko Elez
KhdnaQWS,Edward Coristine
KhdnaQWS,Marko Elez
KhdnaQWS,Luke Farritor
KhdnaQWS,Amy Gleason
KhdnaQWS,Kyle Schutt
2JU9Todn,Conor Fennessy
2JU9Todn,Jeremy Lewin
BETG9iZr,Antonio Gracias
J4k8sPbo,Tarak Makecha
QdDpAfxy,Tarak Makecha
EvqS5mPP,Elon Musk
oGkzQb5Y,Nate Cavanaugh
oGkzQb5Y,Gavin Hamrick
SixRwXSZ,Brad Smith
SixRwXSZ,Rachel Riley
ZBURnU93,Christopher Stanley
mXTHtBac,Amy Gleason
PFXNKhUc,Bryton Shang
iUYtxUSw,Antonio Gracias
JbY96QGM,Scott Kupor
FTRMb3dA,Tarak Makecha
FTRMb3dA,Jordan Wick
FTRMb3dA,Jacob Altik
GoJrDRSQ,Gavin Kliger
GoJrDRSQ,Emily Bryant
RmvrV2dc,Bridget Youngs
bFfWKrnP,Gavin Kliger
bFfWKrnP,Sam Corcos
Gti7PARC,Kendall Lindemann
BQGcBopa,Aram Moghaddassi
H45eMwSg,Aram Moghaddassi
H45eMwSg,Scott Coulter
fxfRqKPJ,Sam Corcos
HQUguBSH,Akash Bobba
HQUguBSH,Nate Cavanaugh
HQUguBSH,Edward Coristine
HQUguBSH,Stephen Ehikian
HQUguBSH,Luke Farritor
HQUguBSH,Steve Davis
NqCoVaS5,Brooks Morgan
NqCoVaS5,Adam Ramada
NqCoVaS5,Anthony Armstrong
dL72Svcf,Sam Corcos
g6zvQNcw,Scott Coulter
73c95ZcV,Scott Coulter
n3Zis7wV,Peter Marocco
jY8TJybS,Noah Peters
VXSiUz7f,Antonio Gracias
VXSiUz7f,Kyle Schutt
VXSiUz7f,Edward Coristine
VXSiUz7f,Marko Elez
VXSiUz7f,Payton Rehling
VXSiUz7f,Aram Moghaddassi
Uasqbriy,Luke Farritor
7AvfSN6g,Ryan Wunderly
UyobwqMu,Luke Farritor
UyobwqMu,Zach Terrell
UyobwqMu,Rachel Riley
SaDtgT9e,Jeremy Lewin
AsjWbK8C,Michael Mirski
L7ZMfuRD,Payton Rehling
L7ZMfuRD,Jon Koval
LP7ebs7r,Eliezer Mishory
FMk4mRYA,Marko Elez
FMk4mRYA,Edward Coristine
FMk4mRYA,Joe Gebbia
dHm7PvDq,Gavin Kliger
WnVuBFwT,Tyler Hassen
WnVuBFwT,Matt Luby
f5MfXn7G,Tyler Hassen
JgxjuRQy,Rachel Riley
akjVaMqu,Aram Moghaddassi
DvLhKb73,Conor Fennessy
6bdjQMN2,Conor Fennessy
6bdjQMN2,Jeremy Lewin
bdTuzkwu,Conor Fennessy
WcfPQ6YY,Gavin Kliger
As6jiANi,Gavin Kliger
85e3G4Rn,Roland Shen
FP4MT8Ut,Miles Collins
Yqx4av6s,Aram Moghaddassi
5ZoiqF9F,Miles Collins
5ZoiqF9F,Aram Moghaddassi
5ZoiqF9F,Marko Elez
meBB4VsV,Luke Farritor
meBB4VsV,Zach Terrell
meBB4VsV,Rachel Riley
