event_id,agency_id
2SjuZBR5,DOGE
YmbfLdNB,DOGE
24qgS3WS,DOGE
8vDj2q7P,DOGE
XhDHPGg6,DOGE
KvP48A34,DOGE
UsAfrk26,Treasury
V7Gkkvah,DOGE
KLhbExN5,OPM
TfWVwUjM,DOGE
VkGMhZUR,OPM
JLTME6KA,OPM
CPQe7omt,DOGE
JQXwpLN5,OPM
2Qe7j4uD,DOGE
cSecvrNE,DOGE
bT57eChF,DOGE
S9khcdPr,GSA
cTQwe9Ff,OPM
55SxqiCv,OPM
GSsFm4n8,OPM
BbMpQoge,OPM
NtHBVcLm,GSA
Ep2NXNw8,GSA
fDQShY2S,OPM
VikxYwt5,OPM
Mzi4TVp2,OPM
3LtTXZSk,GSA
2y8WthBd,DOGE
QFfnJBkt,Treasury
34Y4Syqw,HHS
MzmJhsGx,HHS
V4b5Amth,HHS
eixCwvKp,DOGE
Ps9ZmEgf,Treasury
YcNgC9Yg,OPM
EipcFcGC,CDC
NZhdNuo5,OPM
hkA2xC7R,OPM
VdEHz47g,DOGE
9iHcDkyg,Treasury
4VxuraBr,GSA
o2TMNF83,Commerce
o2TMNF83,USDA
o2TMNF83,DOD
o2TMNF83,Education
o2TMNF83,Energy
o2TMNF83,DOL
o2TMNF83,Treasury
o2TMNF83,EPA
o2TMNF83,HHS
o2TMNF83,OPM
o2TMNF83,SSA
o2TMNF83,VA
Ykzp8vjp,HUD
6aVWvZQH,OPM
L8ZZAbzv,HHS
UBodNip9,OPM
QiLxs5iA,OPM
WR9Xb7Ar,USAID
gC3dPbGm,NLRB
3q7o5ogf,HHS
RopNFssL,CDC
2KKvrcF3,Education
eSiT2dsb,DOI
hRNeze4y,Treasury
7ASZnW7s,OPM
LDqYfpri,USAID
3GL4CR65,OPM
9cwtKhid,Commerce
9DxqBRGe,Treasury
54gGXtvR,GSA
WJQ3WkjG,HHS
gBSE6bzh,FBI
PWDAbB3M,CDC
Xe5Tvz6a,Treasury
kSAAPBQJ,GSA
FP9n4cfD,SSA
6qeF82NN,USAID
2Soci5N2,USAID
LQGUWr49,CMS
c9MaUj3t,Treasury
bfo6pJUH,GSA
GmvBm6qi,OPM
6Jp6XvvC,SSA
MJvtgrEA,Education
XMXEZCoE,Treasury
Xdv65nku,Treasury
JM9cFsgE,USAID
K5Ry8Q4a,USAID
4uRgma5h,USAID
ZRjioRJa,OPM
YHD5A3rG,GSA
g9NjC2E3,DOGE
bejcmPHZ,USAID
8N5uZSdc,Treasury
RVANetiN,Education
UkKcG36X,Treasury
Qkjr7Ku3,SBA
jUkabBTs,SSA
RphjFc2Q,USAID
G92wpTpH,USAID
FTNCaSHd,Education
HF6U3Sft,Education
PSZVY2Qg,CMS
nVTB9nmR,HHS
NseepQVk,DOL
cYi6UvfL,Treasury
EP9BFiD7,EPA
CvdXhiXD,NOAA
HduG4YuE,USAID
aTnKGs75,VA
Ff4Vcv6A,Education
P3qrjvd2,Education
XjqwLht5,CMS
mKix9GPm,CMS
HRb5mWmM,CMS
7kf2GFmh,Commerce
RyFMa5W4,Energy
by9TUmm6,DOL
PhxH2BgH,Treasury
QDU6LUSA,Treasury
B2KmL6YV,FAA
aK7snb4K,FEMA
C4W3xZoD,FEMA
jwU7GhGd,NOAA
ANRquZpT,OPM
dv9APoYU,OPM
kyv4SMgu,Education
XcEpneXg,Education
o5NZ8qnL,Education
nhBU8qVd,DOGE
jC9DATQu,CDC
aPFErxYN,CFPB
c8QYwsqH,CFPB
AN8Y5hEY,CFPB
R9JtW4eJ,CFPB
TWfXVB9u,Education
jym62UJR,Treasury
Ddt9UeCF,Treasury
eMU3qFzW,Treasury
PN8mLzmi,Treasury
M5yBy4aH,Treasury
PZtsBGTa,OPM
GMWmrZzw,OPM
iCkoWkYF,USAID
fHLJXQSP,CFPB
SG9PVcaS,CFPB
FS7MatNa,CFPB
L8pyGHLJ,CFPB
2xWQdJFE,CFPB
JxpwH6Ee,CFPB
LRKRjiXo,CFPB
2fUJZPvu,CFPB
2ejZAf9m,Energy
Hqzq377Z,Energy
4ufoGsXw,EPA
h2LuoY4U,USAID
dJnZqbb4,USAID
eZDXH8Nq,Education
dLc2F3xm,DHS
256K5fhi,CFPB
6eXUJiZM,USAID
bJckd7pu,DHS
3GDPSTGi,Treasury
8SF6gwbi,FAA
MVeUVFvr,GSA
TjkvD7jk,HUD
Ru3gqWWt,State
MDr4Wvod,SSA
hDrQoTQT,SSA
X2qNFc39,SSA
MDH97ZzS,VA
HauBMsdH,SSA
fFM8X63i,SSA
BGZKY6go,DHS
W5daKbwq,OPM
Ku4aQCfT,CFPB
iG5SW62c,Education
8jFnTPVN,DOGE
imugC2ds,Treasury
Rw5dRRNx,FEMA
bwTxGSiq,USAID
HnJrpqPY,CFPB
9CEKeLm7,OPM
fPWAP3fM,DOD
5M3bwHoc,EPA
68sytFDv,GSA
dSVh8kxF,GSA
bq9D57fe,SSA
eKuZBbzW,Education
eKuZBbzW,DOGE
dchWbmU5,Education
JbqPxwcC,OPM
JbqPxwcC,SSA
Wfox3Em6,Education
oVNSJTUy,GSA
DbgzC9iA,CFPB
9GdCongC,Education
dKmuYfJv,DOGE
Laig7UCK,DOL
9HkMJ5mk,IRS
fJn7Fijf,SSA
jvA4LYFX,CFPB
hR7tzCWX,USDA
kTJvKegw,Education
53SzbRoa,DOGE
4XGPBiQH,DOGE
Keg9aWVE,EPA
ndhatWKq,HHS
5aMzCheP,NASA
TRTyxS2E,NIST
2RMnQzW6,SSA
2yiCepF3,VA
Ucq6WnMM,CDC
cbk7HwMn,SSA
7nTYjRY5,SSA
k7LDiupM,FAA
QjJjk5mu,IRS
bNXkArR5,SSA
8qLVbYJB,CDC
jLKRjRxS,DOGE
PK8kSwx7,FAA
BazoqSxG,FDA
RwfpHkqq,FDA
LeZFKdaU,IRS
iEaZoYn2,USAID
MBEkaKjN,OPM
9xq4D2VZ,CMS
ifPsztJp,CFPB
WY2JpoXp,DOD
cwYnUCpp,DOD
WTtpPp95,Education
c8PWENvT,DOGE
c2uFcNGD,FAA
Lcina8tE,GSA
PZkRFvLG,IRS
M6hmMgLQ,OPM
YHZU6UQD,SSA
MipJ2cYB,SSA
ZffPUbPY,SSA
GAFoNPPJ,VA
fhML8Diw,SSA
UXPTq7wP,SSA
QCqyEhNT,SSA
NPiTTC4b,GSA
j9cDuFZd,GSA
D3EuMjKK,DOGE
5aycrTMg,CDC
WQKuTEAj,CISA
4jLJWhw6,DOGE
YAentsgx,DOGE
g9AZFmPH,Treasury
BBGTRSgD,GSA
KMD5RgCU,IAF
KMD5RgCU,USADF
KMD5RgCU,USIP
ZzPoLUUi,NASA
nELdReWG,SSA
mPJA8JnY,USADF
GVnA5vun,SSA
3bxrpv2v,IRS
PqGxHtKF,HHS
LC27NqrF,DOL
VkG2b7oG,DOL
4gTQTBvY,DOL
WYXydWDK,CISA
jVZWcavV,DOD
8RFcA4gh,Treasury
6mt2dSgr,HUD
YrRbcEEt,IAF
Fwq6uees,IRS
EjrSMk9d,IRS
2mX9HegN,SSA
Q7jFqwLD,USADF
TC9oYLhy,Education
XTJndd8F,Education
6czGQ6Eu,DOGE
6czGQ6Eu,SSA
hi8dBSUn,NLRB
MD9eHvgr,IRS
TYQgsQgD,CMS
HKvbqYaN,HHS
GUnUm5j6,NIH
GUnUm5j6,HHS
Rvoj6n6y,USDA
3GLAQY5f,IAF
PuLGSMRa,IRS
7v7sVWG5,USADF
ShwzJQ8D,USADF
dtakM5hM,USADF
QFXkX5nW,USADF
7aypySNW,USADF
kSet7QgF,USADF
GAxo4wTH,IAF
NyUksNNq,SSA
T4uJvZZy,SSA
QJ48Lf4Y,SSA
R82VyaYp,CDC
ABsGtQoM,CMS
dFV9to7X,Education
QvtDTWT9,Education
AJPVbMyh,DOGE
ERjXg3AM,DOI
khMRYKRf,NIH
4Ffvq4fv,NIH
DCwQyaxn,OPM
NrAucFtb,USADF
JZFwZjbm,USIP
R722EMkS,USIP
Gjp7Za9k,NLRB
j8cpRtDP,DOI
Faujcx7W,NIH
2de2q6rb,DOGE
K9KCfjYK,DOGE
hYvmuxQw,DOL
63rsfZb5,DOL
c3p8qCiA,GSA
QfW2MVvJ,IRS
C3QCySiU,OPM
UbNB5uwF,USDA
8KpqUVk8,SSA
W9NMyQSv,DOL
VtAJtb9Z,DOL
aVyn7bGH,DOL
Af8KwhwZ,DOGE
jUGZwRWr,DOGE
EAo8rM7V,DHS
mVDCRqG7,GSA
VTVuHtEb,HUD
Snu2bsRr,HUD
XQJxL765,HUD
8PGpzt4q,HUD
F3UCNb8e,HUD
oN4NtmSz,SSA
dq7CdXaH,DOGE
JUcXdAh2,SSA
GVcUGHUt,SSA
TNkATrog,DOI
9TW4PD58,CDC
J9VPs6HT,HHS
cSYxVSE2,IAF
Np7Nfyaw,IRS
MTDjpWh2,NIH
KmPPf5LW,OPM
SMxkBWdJ,OPM
M6gCSNxa,USADF
5KzocaBU,SSA
9sMrjyRG,SSA
Tfm8WCy5,NLRB
Y8NxCZjD,HHS
WigQD25k,HHS
7YG4RVE2,HHS
oCmLwiJu,GSA
R36jiNmY,GSA
LPZ7jQ9g,OPM
8dXQzrw6,SSA
hocQ5vQK,DOL
hocQ5vQK,Education
hocQ5vQK,DHS
hocQ5vQK,Treasury
hocQ5vQK,SSA
hocQ5vQK,OPM
ceaPKABV,HHS
BY87i4Uw,IRS
o7wBfLA8,NIH
3W8Pu6iy,USADF
YGXGph6H,NLRB
JX2L2qyH,NLRB
XNdG2o3m,CMS
JbCrnGy9,CFPB
ZpVFJ6oS,CFPB
4MvgPxU8,DOD
2kfvoFQv,DOI
MaJRwgfZ,GSA
NgqnhrCu,HHS
RDEFY3MP,HHS
kdrdnrsa,IAF
XfnndZuf,IAF
TWrU2GNa,OPM
n33reAGA,SSA
HBHAt2jo,USADF
FcsxtUH6,NLRB
ddaosm4g,CMS
N8ksWVib,HHS
m4rWny3U,HHS
BYPpwF7K,CMS
9wrHMneJ,CMS
Vtknorop,CMS
TGzMrruS,CFPB
WGo2Srmq,CFPB
C9H7QGC5,DOGE
QCzD83nC,DOGE
j66RVh4p,DOL
PfQCnkBu,HHS
Yohq6GxY,SSA
5XqG48jY,USADF
7QXxV37g,USADF
4BC649hy,USIP
W8mMryg3,SSA
nSvvNuKp,SSA
BbaC77YN,NLRB
ciCnnoWL,NLRB
RrJTPpBy,HHS
MqbymWLE,DOGE
J7wz934t,GSA
moEAf65R,USADF
AwZqKm8V,NLRB
h7dbfrDa,NLRB
b9gFDNtG,HHS
b9gFDNtG,CMS
b9gFDNtG,NIH
HkAPXX6u,Energy
D2Pwnujd,DOI
dadXjzXN,GSA
EaaC2xkE,USPS
E8dm99Qt,NLRB
7dYjooeh,NLRB
GLjJidTw,HHS
EbBV4gBk,HHS
8SdCKCzM,HHS
8DQvc2a6,USIP
9mT2W8db,DOGE
HNDWiEsL,DOGE
gpJzqYTy,IAF
MZdm5f9r,OPM
fnPuKCNX,USADF
V4EZ2WLY,CMS
YgXEXct5,DHS
Z4dqQQ9k,NLRB
MVHt9Q7W,CMS
2hcXx5ue,DOJ
Vfm7HbS4,DOGE
jH38H7KC,NEH
QZojvztE,NSA
7mtGbnRJ,SSA
THR2ZpQK,SSA
2FxxmH4p,SSA
R4VDQ52g,USPS
F4MWxUQ3,Energy
9vZuxTFv,DOJ
oTHjD2hg,HHS
ZTm4qbrC,IRS
fPNqSkT8,SSA
VpxRy6SM,USPS
brAMUrRM,NLRB
HmeSHoe6,GSA
e45osTyP,DOL
BL5ThnQe,HHS
2SuEXjcm,IMLS
6SrT6Fvx,NASA
FHj3Dgcw,NASA
aqE3KGWn,USIP
HQEKVVXw,USIP
EESeoHoc,SSA
SYJpQj5D,SSA
VnFdGpPt,USCIS
QGJK7cSa,SSA
fq2CQ8JW,USIP
aGS3jz8M,USIP
VQeFmzx2,USIP
L3bniPgw,USIP
msDZFCYH,SSA
gNWEa49R,HHS
NiuzK4pq,FHFA
aCSPino3,USIP
i2mnVSPK,USIP
Wn9hmCbb,USIP
9A3FaYQB,USIP
4ySjWC8N,USIP
6itXQAa6,USIP
7c2J3Byh,USIP
nEGenYbj,USIP
6afzXRYU,USCIS
P5C4nMDk,SSA
irsHxHEt,SSA
RFCHUNhk,DOGE
bhuqN8P5,DOGE
74rxKfg7,DOL
NvoAHGKv,FHFA
QmyxpRJR,OPM
hjaBQhn8,USAID
Uq2ACTxD,USAID
nVYe38Fq,DOL
RANpejQL,HHS
j8dSpHp3,DOGE
bPH63xJM,DOGE
QL984GQg,DOL
CL9N6tJ2,GSA
MGBmJGfA,IMLS
DnzAaqdz,USAID
ERdvx9PE,USIP
M4hzjE85,USIP
Pej3DDWx,SSA
bw2Rw3Hj,NLRB
bvMjErqQ,DOGE
V6ZVi48F,DOGE
Hh8waXmD,DOL
nTUfmAV8,IMLS
guXyfwPL,IMLS
aUVDPFfS,NIH
LVXz3mXK,OPM
6M6gitcg,SSA
4F9jgz4j,SSA
cNrE379u,USIP
fSuPuFSV,GSA
AW4amVgu,GSA
8PXutJ5n,GSA
fbnjeUon,DOL
ZLkwYJoJ,CFPB
Uh8mUmE6,CFPB
PBBSfYH8,DOD
EfkJdKiY,DHS
W4WdJwtf,DOL
DpAi3d4K,GSA
ngDpnzXz,HHS
7ZYSRd3c,HHS
9nkR2HfU,Education
Z7E6ai2u,Treasury
FoSzFb5k,OPM
2mq8DQXV,SSA
JwRuCtBS,SSA
iLjg4Kvb,USPS
YB29uMET,NLRB
YB29uMET,CISA
6c4NxSDB,SSA
ChWumxau,CDC
8rQqTtqy,DOGE
aQLqewVm,DOGE
kqJsJLcA,Treasury
4oTceE3V,SSA
NSHGaNmC,USIP
mrPV8r2V,USIP
VQ89NiUv,USCIS
ja9gwcUS,VA
avfnFBSY,DOGE
akUHUm4h,SSA
HDyeD2he,DOGE
PWv6ybwS,DOGE
bUjbhfkE,DOGE
2bWLrWRv,HHS
iS2sD8AU,SSA
aympP8hu,SSA
3iSCE7j5,DOI
Z9rJzYpy,HHS
72yFCY5H,CFPB
dqDnwCxi,Commerce
XFkAUFhR,DOI
AGxssd5s,DOI
RgFJHEtV,HHS
7aQsK6pd,IRS
AhjDjwsS,SEC
jMMy9Nk9,SSA
dUcMFmWb,SSA
8mDKCq9a,USAID
F84Anwi8,USIP
89o3v6YJ,USCIS
A7EUkX2p,SSA
e4rwFTP2,DOI
jqgpzyra,DOGE
jqgpzyra,OPM
jqgpzyra,SSA
jqgpzyra,HHS
jqgpzyra,Treasury
jqgpzyra,DOI
3DrSFVcp,SBA
UKDnkvKc,HHS
iDxrzxfp,CMS
covQW3VT,CMS
UGT527xz,DOD
dPoXgPYT,DOI
JDFqUnQt,HHS
KhdnaQWS,HHS
2JU9Todn,HHS
BETG9iZr,SSA
P7HBmdym,SBA
J4k8sPbo,FBI
QdDpAfxy,DOJ
EvqS5mPP,CIA
oGkzQb5Y,IMLS
CK2DtEca,IMLS
SixRwXSZ,CMS
SixRwXSZ,HHS
AeHQsaCe,CDC
UWEbC7Qn,USDA
6ZDshcKF,Energy
ZBURnU93,DOJ
Xy8BemhE,DOT
GyTAGKsQ,FDA
6BGD7wuo,HHS
6BGD7wuo,FDA
6BGD7wuo,CDC
6BGD7wuo,NIH
6BGD7wuo,CMS
TiFFik6v,HUD
VeWn4JfX,NEH
H3tom9FE,NIH
Acsi6Z5A,DOI
mXTHtBac,HHS
HoTTKNtS,NIST
ATa2VGxh,NSA
PFXNKhUc,NOAA
iUYtxUSw,SSA
QH5hBz4D,IRS
JbY96QGM,OPM
WQ7BVkDi,SSA
FTRMb3dA,FCC
GoJrDRSQ,FTC
RmvrV2dc,Peace
KqoNYw6T,SSA
2SR8EJa8,NLRB
2SR8EJa8,CISA
bFfWKrnP,IRS
eQa8HrRp,SSA
jkdURxvu,SSA
aLxLCzjS,Treasury
aLxLCzjS,OPM
aLxLCzjS,Education
UaUYi68M,Treasury
UaUYi68M,IRS
UaUYi68M,DHS
UaUYi68M,ICE
7o8RZJ6w,CMS
b3H44hoj,SSA
b3H44hoj,DHS
b3H44hoj,ICE
Gti7PARC,DOGE
BQGcBopa,CMS
UainUGPT,SSA
XsVQoQhn,EPA
SrRZVUDa,ODNI
cQi9GNaT,DOD
H45eMwSg,SSA
fxfRqKPJ,IRS
HQUguBSH,GSA
NqCoVaS5,FDIC
dL72Svcf,IRS
g6zvQNcw,SSA
73c95ZcV,SSA
2w5BGWW3,SSA
n3Zis7wV,State
jY8TJybS,OPM
VXSiUz7f,DHS
Uasqbriy,HHS
Uasqbriy,DOI
Uasqbriy,DOD
Uasqbriy,NIH
7AvfSN6g,Treasury
MCmDjbX8,SSA
UyobwqMu,NSF
7x2jXvup,NLRB
SaDtgT9e,State
AsjWbK8C,HUD
963b8pxz,DOD
L7ZMfuRD,IRS
LP7ebs7r,SEC
FMk4mRYA,DOGE
eCQoxNRz,NLRB
fZotJY5V,CFPB
dHm7PvDq,CFPB
SH9bwWog,SSA
WnVuBFwT,DOI
f5MfXn7G,DOI
JgxjuRQy,HHS
akjVaMqu,HHS
DvLhKb73,HHS
6bdjQMN2,CMS
bdTuzkwu,NIH
WcfPQ6YY,IRS
Sgw2gk7i,DOL
85e3G4Rn,Treasury
Tb3wbZWT,SSA
FP4MT8Ut,DOL
Yqx4av6s,DOL
5ZoiqF9F,DOL
34MikyKs,FDA
meBB4VsV,NSF
enUTyZZ7,SSA
MGxiRV2v,GSA
